Platform_Key,Game_Key,Day,Game_Player_Seconds,Game_Player_Spend_Microtrans_cents,Game_Unique_Accounts,Total_Player_Seconds,Total_Player_Spend_Microtrans_cents,Total_Unique_Accounts
1,304,'2017-01-04',1498544.91,614050.18,3623,44986779.21,32322890.63,16806
2,304,'2017-01-04',976169.28,343607.89,3894,20194511.91,11852433.79,10503
4,304,'2017-01-04',301722.36,0,729,9057797.82,0,3384
3,304,'2017-01-04',894703.65,0,2163,26859277.53,0,10034
1,304,'2017-01-05',2635440.39,1242096.43,5666,46867490.76,34791368,17332
2,304,'2017-01-05',1818194.79,769019.96,5162,22244495.58,12481419.14,11077
4,304,'2017-01-05',490112.34,0,1054,8715939.75,0,3223
3,304,'2017-01-05',1778120.25,0,3823,31621298.25,0,11694
1,304,'2017-01-06',2136789.12,1207848.89,4613,47889009.12,43438847.09,17144
2,304,'2017-01-06',1265355,680342.02,3197,22345536.39,16917271.74,9502
4,304,'2017-01-06',407983.05,0,881,9143581.14,0,3273
3,304,'2017-01-06',1626622.44,0,3512,36455324.64,0,13051
1,304,'2017-01-07',2003906.76,1188772.08,4145,48608817.3,38194920.64,16436
2,304,'2017-01-07',887675.73,579836.13,1901,22928468.85,15394977.68,10134
4,304,'2017-01-07',355743.27,0,736,8629272.45,0,2918
3,304,'2017-01-07',1374237.81,0,2843,33334917.18,0,11271
1,304,'2017-01-08',1544453.94,801819.47,3215,43435407.06,33641889.05,14632
2,304,'2017-01-08',660224.79,294623.55,1480,20218598.49,13841775.6,8206
4,304,'2017-01-08',337870.11,0,703,9502080.21,0,3201
3,304,'2017-01-08',1077689.13,0,2243,30308358.93,0,10210
1,304,'2017-01-09',1298027.94,794362.72,3036,39174212.67,29921656.83,14663
2,304,'2017-01-09',568253.88,282928.73,1266,18807459.15,13726681.09,8166
4,304,'2017-01-09',219869.37,0,514,6635611.32,0,2484
3,304,'2017-01-09',966831.18,0,2261,29178762.15,0,10922
1,304,'2017-01-10',1285845.09,940463.27,3076,41215671.21,29469365.24,15569
2,304,'2017-01-10',636173.73,329048.63,1542,20537414.94,12590483,9785
4,304,'2017-01-10',291572.04,0,697,9345867.6,0,3530
3,304,'2017-01-10',937830.9,0,2243,30060644.34,0,11355
1,304,'2017-01-11',1234269.09,703923.28,2999,42261057,39751709.18,15728
2,304,'2017-01-11',629634.15,278950.18,1425,20301143.79,12154880.53,9589
4,304,'2017-01-11',254152.62,0,618,8702120.73,0,3239
3,304,'2017-01-11',798143.37,0,1939,27328226.67,0,10171
1,304,'2017-01-12',1314108,677113.94,2974,42554688.12,31240630.44,16026
2,304,'2017-01-12',581582.76,322463.04,1457,21004349.82,13697908.43,11280
4,304,'2017-01-12',262716.06,0,595,8507520.09,0,3204
3,304,'2017-01-12',1070676.3,0,2423,34671652.29,0,13057
1,304,'2017-01-13',1148120.94,629435.1,2695,44783309.85,36703222.36,16674
2,304,'2017-01-13',524475.06,266851.8,1265,21343107.09,12670735.2,10187
4,304,'2017-01-13',202594.41,0,476,7902344.91,0,2942
3,304,'2017-01-13',885853.92,0,2079,34553388.36,0,12865
1,304,'2017-01-14',1219137.66,707581.95,2932,47245092.45,38812759.14,16111
2,304,'2017-01-14',577259.49,280289.86,1401,22348149.06,13704678.15,11040
4,304,'2017-01-14',216169.59,0,520,8377197.81,0,2857
3,304,'2017-01-14',858631.68,0,2065,33274465.86,0,11347
1,304,'2017-01-15',1095285.42,450058.37,2430,42351288.15,30162703,14471
2,304,'2017-01-15',493599.24,329118.98,1082,20250776.94,12269043.56,8938
4,304,'2017-01-15',257242.65,0,571,9946778.52,0,3399
3,304,'2017-01-15',661549.83,0,1468,25580088.06,0,8740
1,304,'2017-01-16',1030814.97,608364.88,2312,39395706.09,27330581.66,14509
2,304,'2017-01-16',427460.58,233952.09,1014,18658239.54,11978377.6,8674
4,304,'2017-01-16',245644.8,0,551,9388057.83,0,3458
3,304,'2017-01-16',561586.32,0,1260,21462716.31,0,7904
1,304,'2017-01-17',1028594.61,517104.52,2437,40709189.85,27852257.02,15201
2,304,'2017-01-17',431108.94,202642.86,1194,19840605.36,12609067.71,11579
4,304,'2017-01-17',215504.82,0,511,8529135.84,0,3185
3,304,'2017-01-17',762372.78,0,1806,30172786.95,0,11267
1,306,'2017-02-01',1606628.91,756682.09,2896,51122250.39,38238027.67,18536
2,306,'2017-02-01',570473.31,218562.39,1241,21389577.09,12657660.11,10526
4,306,'2017-02-01',348655.44,0,628,11094067.71,0,4023
3,306,'2017-02-01',999464.16,0,1802,31802523.15,0,11531
1,306,'2017-02-02',1888340.82,990889.68,3151,50270102.97,38131251.37,18511
2,306,'2017-02-02',1594059.09,588060.87,3380,23237597.82,13235994.63,12728
4,306,'2017-02-02',373614.24,0,623,9946098.75,0,3662
3,306,'2017-02-02',1209920.01,0,2019,32209650.15,0,11861
1,306,'2017-02-03',2149830.03,987742.69,3368,51616506.24,41319882.99,18488
2,306,'2017-02-03',1262858.91,615423.98,2218,22787076.51,13687772.68,10257
4,306,'2017-02-03',337852.98,0,529,8111706.36,0,2905
3,306,'2017-02-03',1430615.67,0,2241,34348475.1,0,12303
1,306,'2017-02-04',1962045.06,852428.21,2908,53078022.6,40787924.3,17737
2,306,'2017-02-04',1019850.36,531905.17,1653,23461049.55,15392537.86,11776
4,306,'2017-02-04',406744.86,0,603,11003423.46,0,3677
3,306,'2017-02-04',1391783.07,0,2063,37651069.47,0,12582
1,306,'2017-02-05',1551554.79,689102.26,2421,47779352.82,36893662.52,15862
2,306,'2017-02-05',775005.12,369941.59,1170,20724558.03,12936393.51,9392
4,306,'2017-02-05',329950.02,0,515,10160644.56,0,3373
3,306,'2017-02-05',923479.71,0,1441,28438091.37,0,9441
1,306,'2017-02-06',1615884,756152.74,2586,41093264.61,29068496.73,15143
2,306,'2017-02-06',786812.94,306990.08,1159,18187203.03,11126408.69,8666
4,306,'2017-02-06',313920.51,0,502,7983257.79,0,2942
3,306,'2017-02-06',1093016.85,0,1749,27796321.59,0,10243
1,306,'2017-02-07',1900832.55,937164.49,3088,45081627.39,34966213.45,16263
2,306,'2017-02-07',794279.55,345106.55,1292,20876885.91,11268029.46,10302
4,306,'2017-02-07',387640.62,0,630,9193585.14,0,3317
3,306,'2017-02-07',1415503.38,0,2300,33571174.14,0,12111
1,306,'2017-02-08',1842641.73,885571.57,3163,46982478.33,35289610.56,17181
2,306,'2017-02-08',756036,323365.25,1225,20281679.67,11593352.07,9336
4,306,'2017-02-08',344239.29,0,591,8777188.05,0,3210
3,306,'2017-02-08',1456612.14,0,2500,37139741.7,0,13582
1,306,'2017-02-09',1455063.36,699037.24,2546,40345898.97,28821979.47,16040
2,306,'2017-02-09',698463.09,326751.01,1253,19492037.97,9848152.87,10399
4,306,'2017-02-09',337603.5,0,591,9361049.52,0,3722
3,306,'2017-02-09',1107455.7,0,1938,30707465.16,0,12208
1,306,'2017-02-10',1787346,935873.9,2980,47809542.18,36614788.44,17597
2,306,'2017-02-10',781335.3,337752.67,1266,21616068,12611745.34,10000
4,306,'2017-02-10',388239.66,0,647,10384984.77,0,3822
3,306,'2017-02-10',1329775.86,0,2217,35570043.27,0,13092
1,306,'2017-02-11',1763522.7,804786.97,2793,49789209.12,36067160.31,16919
2,306,'2017-02-11',844661.64,338457.71,1391,23025567.09,14008596.47,12017
4,306,'2017-02-11',365930.88,0,580,10331256.93,0,3511
3,306,'2017-02-11',1586090.43,0,2512,44779788.84,0,15217
1,306,'2017-02-12',1617870.06,804116.29,2392,44402580.06,31555556.17,14933
2,306,'2017-02-12',736718.46,248562.26,1210,21397145.55,12019826.52,11669
4,306,'2017-02-12',342227.58,0,506,9392464.86,0,3159
3,306,'2017-02-12',1172395.41,0,1733,32176491.66,0,10821
1,306,'2017-02-13',1559454.48,801615.91,2643,41148180.03,29669675.13,15330
2,306,'2017-02-13',677246.88,333034.81,1196,20515328.94,12429397.25,10172
4,306,'2017-02-13',323842.95,0,549,8545008.48,0,3183
3,306,'2017-02-13',1025415.03,0,1738,27056881.68,0,10080
1,306,'2017-02-14',1656435.09,794825.45,3020,42552519,28404685.32,16029
2,306,'2017-02-14',759771.06,310789.25,1449,20793941.94,13259260.26,10266
4,306,'2017-02-14',293703.66,0,535,7545016.89,0,2842
3,306,'2017-02-14',1218404.76,0,2221,31299864.75,0,11790
1,307,'2017-03-01',1801365.24,1260536.57,4627,53159489.91,36974392.01,19536
2,307,'2017-03-01',732945.03,482831.65,2289,23739933.18,17382917.06,11623
4,307,'2017-03-01',334146.45,0,858,9860885.64,0,3624
3,307,'2017-03-01',1545718.56,0,3970,45615191.97,0,16763
1,307,'2017-03-02',2943182.85,2060356.04,6195,51866097.03,40662056.26,19309
2,307,'2017-03-02',1222400.97,872948.56,3320,23159651.67,16996816.05,11848
4,307,'2017-03-02',619309.08,0,1304,10913743.8,0,4063
3,307,'2017-03-02',1961748.78,0,4129,34570821.06,0,12870
1,307,'2017-03-03',2464061.91,1891218.97,5023,51311856,38786746.7,18704
2,307,'2017-03-03',976077,863503.45,2396,23968893.18,13602405.88,10823
4,307,'2017-03-03',455310.36,0,928,9481425.39,0,3456
3,307,'2017-03-03',1738745.94,0,3544,36207806.79,0,13198
1,307,'2017-03-04',2058138.45,1575014.09,4470,52683368.85,39751657.14,18089
2,307,'2017-03-04',715394.76,495605.62,1711,24179249.73,13813869.43,10567
4,307,'2017-03-04',421941.66,0,916,10800689.19,0,3708
3,307,'2017-03-04',1362553.08,0,2959,34878072.3,0,11975
1,307,'2017-03-05',1667342.91,1438596.62,3670,47844614.49,33718656.15,16496
2,307,'2017-03-05',547400.82,425928.4,1249,20962517.94,12120021.31,9717
4,307,'2017-03-05',257076.45,0,566,7376840.37,0,2543
3,307,'2017-03-05',1087690.5,0,2394,31211414.1,0,10761
1,307,'2017-03-06',1623812.85,1490066.99,3559,44826525.03,29739737.72,16550
2,307,'2017-03-06',490379.76,435043.46,1180,19092803.76,10754408.19,9211
4,307,'2017-03-06',324736.53,0,712,8964585.42,0,3310
3,307,'2017-03-06',1220165.7,0,2674,33683551.47,0,12436
1,307,'2017-03-07',1645772.55,1535760.51,3776,46959780.15,33186918.25,17365
2,307,'2017-03-07',516786.24,279416.31,1280,21495204.54,12881907.87,10249
4,307,'2017-03-07',315125.1,0,723,8991644.67,0,3325
3,307,'2017-03-07',1075486.71,0,2468,30687475.89,0,11348
1,307,'2017-03-08',1714400.94,1325024.9,3795,47789577.09,32183453.72,17939
2,307,'2017-03-08',512201.88,308111.78,1241,21790190.73,14790991.07,10622
4,307,'2017-03-08',437130.57,0,968,12185179.92,0,4574
3,307,'2017-03-08',1221245.34,0,2703,34042676.19,0,12779
1,307,'2017-03-09',1761380.79,1431617.02,3566,47652242.67,35998512.75,17837
2,307,'2017-03-09',463611.06,300764.5,1120,20169524.79,13987777.94,10368
4,307,'2017-03-09',380912.88,0,771,10305182.67,0,3857
3,307,'2017-03-09',1059488.61,0,2145,28663309.35,0,10729
1,307,'2017-03-10',1621160.73,1288941.62,3607,49246185.12,40644730.69,18060
2,307,'2017-03-10',511944.36,492825.5,1207,20525625.09,13507555.81,9643
4,307,'2017-03-10',342222.24,0,761,10395722.79,0,3812
3,307,'2017-03-10',1093261.92,0,2432,33210136.71,0,12179
1,307,'2017-03-11',1578926.91,1172961.1,3382,50363663.97,34729224.53,17512
2,307,'2017-03-11',459038.61,407867.66,1042,21958269.36,13744578.56,10447
4,307,'2017-03-11',324347.79,0,695,10345850.31,0,3597
3,307,'2017-03-11',916589.07,0,1963,29236807.29,0,10166
1,307,'2017-03-12',1450224.12,1040014.46,3011,46365621.69,33041388.37,15803
2,307,'2017-03-12',393965.76,231128.81,892,19623872.67,10760729.55,8726
4,307,'2017-03-12',311953.95,0,648,9973589.79,0,3399
3,307,'2017-03-12',890440.86,0,1849,28468597.77,0,9703
1,307,'2017-03-13',1164389.97,852529.37,2669,42116264.73,29965348.65,15725
2,307,'2017-03-13',457380.18,491465.58,1020,18316289.76,11671366.3,8631
4,307,'2017-03-13',249094.05,0,571,9009790.95,0,3364
3,307,'2017-03-13',991983.84,0,2274,35880293.43,0,13397
1,307,'2017-03-14',1318655.79,1041477.79,3056,43959401.88,28144005.06,16619
2,307,'2017-03-14',552627.3,502335.26,1140,19652171.76,12663622.75,9865
4,307,'2017-03-14',275920.74,0,639,9198237.69,0,3477
3,307,'2017-03-14',871793.85,0,2020,29062573.26,0,10987
1,305,'2017-04-05',3240995.58,1251190.11,5633,48835178.76,34303692.54,20006
2,305,'2017-04-05',1245237.27,353546.57,3573,21482961.18,11784855.1,11203
4,305,'2017-04-05',461467.92,0,802,6953377.53,0,2849
3,305,'2017-04-05',2353605.06,0,4091,35464012.95,0,14528
1,305,'2017-04-06',5732594.79,2386740.07,8575,49072619.88,34040422.06,19729
2,305,'2017-04-06',2572358.7,844480.76,5987,23226494.76,13883115.38,12141
4,305,'2017-04-06',996529.95,0,1491,8530575.57,0,3430
3,305,'2017-04-06',4155125.82,0,6215,35569041.66,0,14300
1,305,'2017-04-07',4904571.09,1837235.68,8054,48860678.82,33826709.68,18900
2,305,'2017-04-07',1729377.3,584604.25,3341,22603314.09,14565562.72,10087
4,305,'2017-04-07',1143236.16,0,1877,11389231.65,0,4406
3,305,'2017-04-07',3038624.01,0,4990,30271604.13,0,11709
1,305,'2017-04-08',3985479.09,1595349.34,5808,51668670.51,35001567.6,18451
2,305,'2017-04-08',1439637.24,403849.03,2247,23108451.09,14047154.43,9968
4,305,'2017-04-08',819582.99,0,1194,10625262.99,0,3794
3,305,'2017-04-08',2785107.93,0,4059,36106782.12,0,12894
1,305,'2017-04-09',2760287.88,994129.44,4372,44932065.15,30582520.74,16308
2,305,'2017-04-09',955913.76,265257.07,1567,20345109.48,10917622.31,8750
4,305,'2017-04-09',558650.85,0,885,9093738,0,3301
3,305,'2017-04-09',2055772.02,0,3256,33463928.97,0,12146
1,305,'2017-04-10',2566568.85,1092479.86,4114,42384837.3,29310711.91,16445
2,305,'2017-04-10',929736.39,249854.43,1554,19577033.94,12602403.98,8956
4,305,'2017-04-10',539720.13,0,865,8913046.68,0,3458
3,305,'2017-04-10',2097415.44,0,3362,34637140.8,0,13439
1,305,'2017-04-11',2433656.37,1243422.92,4209,45275543.7,30550726.64,17567
2,305,'2017-04-11',1010490.39,426166.39,1681,20601602.31,12856608.82,9694
4,305,'2017-04-11',519414.99,0,898,9663151.47,0,3749
3,305,'2017-04-11',2001059.19,0,3461,37227532.08,0,14444
1,305,'2017-04-12',2544069.12,982934.99,4228,47240607.6,33888333.27,18343
2,305,'2017-04-12',847737,304982.48,1529,20510831.91,12799390.54,9398
4,305,'2017-04-12',504923.52,0,839,9375883.14,0,3641
3,305,'2017-04-12',2180780.97,0,3624,40494741.66,0,15724
1,305,'2017-04-13',2344782.18,892283.03,4490,48251813.94,36006364.33,19490
2,305,'2017-04-13',971960.82,278816.77,1882,22626408.15,14463005.06,11156
4,305,'2017-04-13',389138.25,0,745,8007834.87,0,3235
3,305,'2017-04-13',1542122.31,0,2953,31734378.42,0,12818
1,305,'2017-04-14',2264174.97,867349.77,4222,52209080.76,39737667.34,19352
2,305,'2017-04-14',1027320.09,382841.9,2148,25902192.12,16092954.95,14869
4,305,'2017-04-14',452718.96,0,844,10439140.47,0,3869
3,305,'2017-04-14',1487926.86,0,2775,34309756.62,0,12717
1,305,'2017-04-15',2062961.55,804434.52,3545,46307412.51,30793071.98,16934
2,305,'2017-04-15',852594.3,201933.35,1763,23997786.72,12616551.8,13049
4,305,'2017-04-15',474491.67,0,815,10650938.55,0,3895
3,305,'2017-04-15',1383634.08,0,2378,31058504.04,0,11358
1,305,'2017-04-16',1781460.27,672587.43,3155,42406160.88,28316853,15444
2,305,'2017-04-16',716129.73,161995.76,1374,22388112.03,10455200.76,9793
4,305,'2017-04-16',378132.93,0,670,9001137.03,0,3278
3,305,'2017-04-16',1278268.38,0,2264,30428106.78,0,11082
1,305,'2017-04-17',1599591.03,627491.74,2863,39012813.06,29592862.38,14801
2,305,'2017-04-17',720971.94,153523.54,1182,20248376.94,13319677.25,9315
4,305,'2017-04-17',270161.64,0,484,6589037.43,0,2500
3,305,'2017-04-17',1390890.33,0,2489,33922761.39,0,12870
1,305,'2017-04-18',1738854.15,691606.97,3028,38895177.36,32479579.64,15521
2,305,'2017-04-18',818510.91,268263.26,1589,21833367.06,14360489.92,11214
4,305,'2017-04-18',334549.53,0,583,7483298.1,0,2986
3,305,'2017-04-18',1044778.2,0,1819,23369893.92,0,9326
1,308,'2017-05-03',1208876.7,693107.64,3752,45534699.18,33699581.88,18975
2,308,'2017-05-03',720785.34,532287.1,3323,22004012.7,11707260.56,12334
4,308,'2017-05-03',265534.68,0,824,10001878.71,0,4168
3,308,'2017-05-03',876824.28,0,2721,33027288.57,0,13763
1,308,'2017-05-04',1970826.36,1998001.2,5011,47298405.45,34707256.98,19280
2,308,'2017-05-04',1419503.76,724085.43,4893,23563487.97,12713315.69,13823
4,308,'2017-05-04',396489.84,0,1008,9515470.59,0,3879
3,308,'2017-05-04',1219109.04,0,3100,29257739.25,0,11926
1,308,'2017-05-05',1559871.15,2065641.91,4146,46500783.15,37873415.41,18826
2,308,'2017-05-05',980774.94,652570.05,3158,24619326.09,13741341.99,12868
4,308,'2017-05-05',326553.06,0,868,9734761.98,0,3941
3,308,'2017-05-05',1112176.98,0,2956,33154728.87,0,13423
1,308,'2017-05-06',1404656.94,777401.19,3596,49541313.27,32749888.53,17963
2,308,'2017-05-06',634122.06,339145.76,1601,26263569.21,13862827.64,13325
4,308,'2017-05-06',325777.23,0,834,11489945.22,0,4166
3,308,'2017-05-06',988102.14,0,2530,34849701.9,0,12636
1,308,'2017-05-07',1189206.45,739834.12,2861,45978843.39,37520392.28,16227
2,308,'2017-05-07',518196.03,513055.68,1217,22617938.76,12942538.09,10576
4,308,'2017-05-07',225840.06,0,543,8731762.5,0,3082
3,308,'2017-05-07',796019.37,0,1915,30776879.73,0,10862
1,308,'2017-05-08',1026557.73,553537.88,2663,42817425.27,29304459.22,16435
2,308,'2017-05-08',374870.19,173833.42,998,21034655.91,9862934.82,10006
4,308,'2017-05-08',185954.49,0,482,7756105.65,0,2977
3,308,'2017-05-08',780167.67,0,2024,32540558.67,0,12490
1,308,'2017-05-09',1068597.18,712010.9,2689,44064651.06,29725174.36,17234
2,308,'2017-05-09',398106,253946.45,1039,21953204.79,12282203.43,11168
4,308,'2017-05-09',248415.45,0,625,10243655.61,0,4006
3,308,'2017-05-09',766583.7,0,1929,31610834.85,0,12363
1,308,'2017-05-10',1046682.42,791434.54,2767,47039102.7,31921138.08,18085
2,308,'2017-05-10',446013.51,347064.22,1149,22373441.7,12068620.42,11159
4,308,'2017-05-10',199256.43,0,527,8954814.66,0,3443
3,308,'2017-05-10',687743.58,0,1818,30907993.95,0,11883
1,308,'2017-05-11',1059014.94,780656.91,2625,45949044.42,30510864.96,17861
2,308,'2017-05-11',462810.03,296380.2,1342,24163703.31,12853624.55,15381
4,308,'2017-05-11',194531.28,0,482,8440414.77,0,3281
3,308,'2017-05-11',743270.04,0,1842,32249351.82,0,12536
1,308,'2017-05-12',1055745.06,843302.79,2608,46870272.06,32655850.32,17947
2,308,'2017-05-12',541493.49,221162.29,1548,24210197.88,13749229.51,13085
4,308,'2017-05-12',231958.92,0,573,10297919.73,0,3943
3,308,'2017-05-12',694433.25,0,1715,30829675.02,0,11805
1,308,'2017-05-13',1031763.15,2664508.82,2467,48272165.85,36581445.01,16958
2,308,'2017-05-13',553284.03,193498.68,1508,25380957.39,12384308.03,13878
4,308,'2017-05-13',214457.79,0,513,10033643.37,0,3525
3,308,'2017-05-13',678233.79,0,1622,31731913.38,0,11147
1,308,'2017-05-14',878519.94,1367768.35,2075,42795870.27,30973801.54,15500
2,308,'2017-05-14',429929.82,196670.45,1173,24106202.61,12077452.94,12077
4,308,'2017-05-14',185131.59,0,437,9018425.85,0,3266
3,308,'2017-05-14',647234.88,0,1529,31529139,0,11419
1,308,'2017-05-15',834825.24,732336.63,2087,42608283,31240671.94,16409
2,308,'2017-05-15',417839.61,115614.01,1346,22311585.39,9962169.48,12065
4,308,'2017-05-15',176543.55,0,441,9010532.55,0,3470
3,308,'2017-05-15',633939.3,0,1585,32355362.52,0,12460
1,308,'2017-05-16',811286.7,568364.11,2176,44379050.76,30331284.44,17029
2,308,'2017-05-16',376335.42,156737.53,1033,23687409.39,11998080.27,13189
4,308,'2017-05-16',171250.11,0,459,9367730.34,0,3595
3,308,'2017-05-16',628790.13,0,1687,34396100.61,0,13198
1,309,'2017-06-21',1479842.7,660574.97,3647,49253553.48,36146502.43,18625
2,309,'2017-06-21',956961.66,350266.14,3837,24981152.61,12759987.03,14217
4,309,'2017-06-21',298767.81,0,736,9943877.01,0,3760
3,309,'2017-06-21',1042213.71,0,2568,34687955.91,0,13117
1,309,'2017-06-22',3118566.3,1432750.69,6792,49422497.91,36981415.78,18705
2,309,'2017-06-22',2063967.03,827636.9,6892,25382508.3,12625062.07,15063
4,309,'2017-06-22',612277.02,0,1333,9703260.96,0,3672
3,309,'2017-06-22',2338364.52,0,5093,37057999.05,0,14025
1,309,'2017-06-23',3108650.97,1618972.59,7065,51082113.12,41453579.96,18958
2,309,'2017-06-23',1493864.64,587784.86,4222,25987086,13736741.54,13580
4,309,'2017-06-23',665619.24,0,1513,10937618.22,0,4059
3,309,'2017-06-23',2240917.86,0,5093,36823309.83,0,13666
1,309,'2017-06-24',2223099.12,1109871.68,4821,49035095.7,38916340.35,17209
2,309,'2017-06-24',1404804,479248.92,3751,26300655.27,14505162.46,13175
4,309,'2017-06-24',503677.47,0,1092,11109659.88,0,3899
3,309,'2017-06-24',1247237.22,0,2705,27510424.41,0,9655
1,309,'2017-06-25',1690055.79,986883.57,3221,42796730.28,35664998.38,15211
2,309,'2017-06-25',1244598.42,405029.03,2958,23921202.18,13220317.92,11363
4,309,'2017-06-25',289632.15,0,552,7334259.42,0,2607
3,309,'2017-06-25',1140573.03,0,2174,28882354.98,0,10265
1,309,'2017-06-26',1485141.12,772497.26,3007,42434403.15,34049463.6,16254
2,309,'2017-06-26',1087224.18,299545.48,2746,21794861.07,11834628.63,11200
4,309,'2017-06-26',255951.81,0,518,7313219.94,0,2801
3,309,'2017-06-26',1113794.01,0,2255,31824038.25,0,12190
1,309,'2017-06-27',1449351.06,812623.72,2940,46032945.06,33503767.51,17701
2,309,'2017-06-27',970919.88,357289.11,2353,21478332.21,10865446.91,10541
4,309,'2017-06-27',348695.43,0,707,11074941.6,0,4259
3,309,'2017-06-27',1037197.08,0,2104,32942493.45,0,12667
1,309,'2017-06-28',1423046.91,708455.65,3020,49799510.64,41334514.69,18732
2,309,'2017-06-28',873767.61,409114.42,1705,22526360.94,11226211.75,10532
4,309,'2017-06-28',298221.12,0,633,10436244.54,0,3926
3,309,'2017-06-28',1050853.05,0,2230,36774588.3,0,13833
1,309,'2017-06-29',1342064.82,701659.12,2921,50966327.88,40342668.06,19008
2,309,'2017-06-29',789392.97,262103.08,1807,22662077.7,11568969.6,10934
4,309,'2017-06-29',266315.46,0,580,10113609.24,0,3772
3,309,'2017-06-29',1100081.73,0,2394,41776758.75,0,15581
1,309,'2017-06-30',1452203.85,784839.6,3049,54426114.18,43037339.63,19459
2,309,'2017-06-30',848753.46,264808.25,1929,24538859.88,14068279.78,11262
4,309,'2017-06-30',305025.42,0,640,11431829.46,0,4087
3,309,'2017-06-30',1062973.92,0,2232,39838438.02,0,14243
1,309,'2017-07-01',1346886,737642.48,2811,54654198.21,42312092.96,18649
2,309,'2017-07-01',756467.76,305939.35,1782,24775946.31,14099806.97,12034
4,309,'2017-07-01',313648.8,0,655,12727300.86,0,4343
3,309,'2017-07-01',1010089.86,0,2108,40987619.73,0,13986
1,309,'2017-07-02',1203336.27,741015.31,2361,47687211.03,36449495.6,16666
2,309,'2017-07-02',643410.27,193116.6,1301,22348481.55,12507557.51,10232
4,309,'2017-07-02',271944.75,0,534,10776945.27,0,3766
3,309,'2017-07-02',813237.03,0,1596,32227910.91,0,11263
1,309,'2017-07-03',1094472.21,597449.78,2346,48509576.94,41883822.93,17734
2,309,'2017-07-03',602495.61,252357.12,1263,22098386.73,11852729.41,12645
4,309,'2017-07-03',240383.46,0,515,10654360.77,0,3895
3,309,'2017-07-03',802449.6,0,1720,35566457.01,0,13002
1,309,'2017-07-04',1052393.76,652620.53,2205,47087813.97,34622625.62,18114
2,309,'2017-07-04',628446.18,247471.58,1290,24215522.82,12609278.75,14538
4,309,'2017-07-04',195506.91,0,410,8747668.11,0,3365
3,309,'2017-07-04',781508.52,0,1637,34967444.07,0,13451
1,315,'2017-07-19',1651311,514890.58,2247,48091175.97,40623759.19,18585
2,315,'2017-07-19',1276196.88,292711.3,3799,24814305.72,12806488.05,13366
4,315,'2017-07-19',319153.29,0,434,9294710.1,0,3592
3,315,'2017-07-19',1272779.79,0,1732,37067201.25,0,14325
1,315,'2017-07-20',2807960.46,1087449.24,3019,49520082.33,40955586.92,19280
2,315,'2017-07-20',2833848.45,733434.38,5599,27017921.49,13670596.41,15008
4,315,'2017-07-20',492130.05,0,529,8679009.72,0,3379
3,315,'2017-07-20',2042062.98,0,2196,36013009.35,0,14021
1,315,'2017-07-21',2316545.61,776653.37,2454,50768789.67,42226422.31,19348
2,315,'2017-07-21',2117250.42,491893.03,3437,27564260.34,16002527.12,13781
4,315,'2017-07-21',388357.35,0,411,8511133.74,0,3244
3,315,'2017-07-21',1555321.65,0,1648,34086004.92,0,12990
1,315,'2017-07-22',2192591.79,674004.33,1949,49555478.67,36650676.04,17972
2,315,'2017-07-22',1504124.97,412008.25,1655,26938158.15,15596538.25,13131
4,315,'2017-07-22',434330.52,0,386,9816444.48,0,3560
3,315,'2017-07-22',1695261.18,0,1507,38315144.76,0,13896
1,315,'2017-07-23',1691933.94,474507.67,1534,44649893.76,35749981.09,16108
2,315,'2017-07-23',1303706.94,387114.95,1237,24591926.94,15664733.51,11656
4,315,'2017-07-23',366471.15,0,332,9671120.61,0,3489
3,315,'2017-07-23',1130800.2,0,1025,29841653.82,0,10766
1,315,'2017-07-24',1593896.94,497573.72,1457,44217219.15,37729244.62,16928
2,315,'2017-07-24',1087349.73,417013.18,1090,23887155.24,13119455.69,11727
4,315,'2017-07-24',338214.96,0,309,9382616.7,0,3592
3,315,'2017-07-24',998129.19,0,912,27689679.45,0,10601
1,315,'2017-07-25',1623678.72,561089.44,1547,47823356.79,38705071.07,18135
2,315,'2017-07-25',903740.73,274634.06,1114,24983363.58,14596115.56,12221
4,315,'2017-07-25',347152.08,0,331,10224920.34,0,3877
3,315,'2017-07-25',1192988.46,0,1137,35137948.23,0,13325
1,315,'2017-07-26',1352403.36,450904.19,1396,49081107.12,41448972.6,18713
2,315,'2017-07-26',760838.43,210525.86,817,24680742.03,14613861.28,12392
4,315,'2017-07-26',294380.67,0,304,10683597.48,0,4073
3,315,'2017-07-26',912089.28,0,941,33101340.21,0,12620
1,315,'2017-07-27',1088057.58,405274.88,1137,50897309.82,38712155.5,19364
2,315,'2017-07-27',721533.15,253429.07,870,24732305.55,16263042.57,12961
4,315,'2017-07-27',249567.6,0,261,11674304.13,0,4442
3,315,'2017-07-27',579197.91,0,605,27093790.74,0,10308
1,315,'2017-07-28',1222505.79,444167.09,1103,53445396.93,44248082.23,19613
2,315,'2017-07-28',1333982.64,360882.07,2997,27225198.09,18202865.29,14271
4,315,'2017-07-28',218382.42,0,197,9547221.51,0,3504
3,315,'2017-07-28',989466.81,0,893,43257411.9,0,15874
1,315,'2017-07-29',995667.39,377534.98,1000,52501289.97,39176558.8,18401
2,315,'2017-07-29',1229991.36,395485.6,1858,28012422.06,15723964.21,12850
4,315,'2017-07-29',158805.09,0,159,8373756.21,0,2935
3,315,'2017-07-29',689517.69,0,693,36358107.84,0,12743
1,315,'2017-07-30',805013.79,358357.44,829,46310600.91,34982867.38,16516
2,315,'2017-07-30',1018607.67,236629.6,1307,25748135.88,13587647.61,11752
4,315,'2017-07-30',168116.91,0,173,9671378.16,0,3449
3,315,'2017-07-30',571182.9,0,588,32858836.2,0,11719
1,315,'2017-07-31',906174.18,383340.03,876,47660024.79,36956911.54,18102
2,315,'2017-07-31',773822.73,319771.18,788,24239406.48,13626795.24,11654
4,315,'2017-07-31',198607.29,0,192,10445706.72,0,3967
3,315,'2017-07-31',534023.28,0,516,28086838.92,0,10668
1,315,'2017-08-01',976284,384414.29,967,51150353.91,40003831.42,19642
2,315,'2017-08-01',725229.12,238712.69,799,25546356.12,16373863.23,13402
4,315,'2017-08-01',201857.79,0,200,10575915.87,0,4061
3,315,'2017-08-01',678980.76,0,673,35573773.95,0,13661
1,312,'2017-08-02',1812951.03,712241.31,5162,51849609,40424177.85,20364
2,312,'2017-08-02',916092.06,474552.08,4043,27737201.88,17484234.18,14771
4,312,'2017-08-02',400561.86,0,1141,11455894.35,0,4499
3,312,'2017-08-02',1147540.53,0,3267,32819159.28,0,12890
1,312,'2017-08-03',3284564.73,1542789.11,7691,51621774.21,40913670.46,19825
2,312,'2017-08-03',1793864.7,790305.54,5821,28469334.3,15520738.38,15258
4,312,'2017-08-03',641761.68,0,1503,10086229.29,0,3874
3,312,'2017-08-03',2344074.57,0,5489,36840582.27,0,14148
1,312,'2017-08-04',2206536.54,1098898.37,5573,50733572.97,43735324.64,19500
2,312,'2017-08-04',1120874.76,438879.42,3399,28273175.73,17601622.89,13842
4,312,'2017-08-04',463755.33,0,1171,10662851.16,0,4098
3,312,'2017-08-04',1624667.13,0,4103,37355007.66,0,14358
1,312,'2017-08-05',1827792,995189.28,4376,51420060.21,35049099.79,18440
2,312,'2017-08-05',1091954.91,351302.94,2900,26918588.76,15336849.32,13041
4,312,'2017-08-05',365059.2,0,874,10269968.1,0,3683
3,312,'2017-08-05',1419094.98,0,3398,39922457.97,0,14317
1,312,'2017-08-06',1419975.21,972303.94,3240,45840684.06,35815698.39,16714
2,312,'2017-08-06',1057448.91,267744.68,2617,24995825.97,14565665.91,11353
4,312,'2017-08-06',239825.52,0,547,7742225.19,0,2823
3,312,'2017-08-06',1020256.08,0,2328,32936662.14,0,12009
1,312,'2017-08-07',1260002.85,825440.59,3087,45646773.48,33327509.88,17569
2,312,'2017-08-07',788853.42,247094.65,1965,23880855.15,12738976.96,11609
4,312,'2017-08-07',226520.4,0,555,8206269.96,0,3159
3,312,'2017-08-07',936403.5,0,2294,33923567.94,0,13057
1,312,'2017-08-08',1301909.88,919077.47,3114,47052890.64,36127773.78,18096
2,312,'2017-08-08',651986.31,233504.37,1713,23391531,12526884.81,11895
4,312,'2017-08-08',297744.69,0,712,10760919.84,0,4139
3,312,'2017-08-08',938763.84,0,2245,33928269.36,0,13048
1,312,'2017-08-09',1253319.57,1054109.04,3036,49177059.18,36786994.99,22824
2,312,'2017-08-09',656250.24,392293.43,1557,23344004.73,13574743.49,11540
4,312,'2017-08-09',260362.59,0,631,10215967.53,0,4741
3,312,'2017-08-09',917328.45,0,2222,35993642.34,0,16705
1,312,'2017-08-10',1140537.45,785819.9,2838,49245489.54,35594576.19,21332
2,312,'2017-08-10',626906.76,205774.64,1764,25385376.09,15199036.75,12311
4,312,'2017-08-10',214541.01,0,534,9263335.74,0,4013
3,312,'2017-08-10',751642.17,0,1870,32453998.95,0,14058
1,312,'2017-08-11',1069533.24,1751313.14,2607,50359218.54,37730969.64,20300
2,312,'2017-08-11',829701.24,258975.68,2551,26571822.18,16565855.22,13109
4,312,'2017-08-11',231402.39,0,564,10895637.51,0,4392
3,312,'2017-08-11',825517.83,0,2012,38869705.83,0,15669
1,312,'2017-08-12',970959.3,595517.65,2497,49575738.09,38474275.82,18726
2,312,'2017-08-12',807210.42,410460.92,2371,26453336.58,15676687.92,12903
4,312,'2017-08-12',173418.39,0,446,8854488.27,0,3345
3,312,'2017-08-12',660139.38,0,1698,33705745.47,0,12732
1,312,'2017-08-13',829287.36,552255.2,2132,44731106.55,36574872.94,16472
2,312,'2017-08-13',657083.43,243309.06,1952,23701383.18,12229486.07,11295
4,312,'2017-08-13',172150.56,0,443,9285669.75,0,3419
3,312,'2017-08-13',564866.73,0,1452,30468480.39,0,11220
1,312,'2017-08-14',862242.15,805830.42,2171,43275797.97,31872536.76,17290
2,312,'2017-08-14',457856.73,156088.84,1415,22274271.63,12785761.52,11455
4,312,'2017-08-14',158378.52,0,399,7948994.22,0,3176
3,312,'2017-08-14',689281.38,0,1736,34594930.5,0,13822
1,312,'2017-08-15',1079123.76,800144.94,2730,48305145.06,32956675.89,18552
2,312,'2017-08-15',574155.03,263262.77,1798,25473543.12,14328581.59,14745
4,312,'2017-08-15',221282.1,0,560,9905315.58,0,3804
3,312,'2017-08-15',861436.62,0,2179,38560741.08,0,14810
1,310,'2017-09-06',572498.88,550717.58,2261,53373893.94,40881492.11,20880
2,310,'2017-09-06',537321.27,245046.07,2771,27767286,17317493.76,15160
4,310,'2017-09-06',103780.83,0,410,9675452.4,0,3785
3,310,'2017-09-06',476503.05,0,1882,44424223.59,0,17379
1,310,'2017-09-07',861381.6,569893.23,3036,52149401.91,42361092.45,20426
2,310,'2017-09-07',863861.79,317502.02,4033,28144013.97,17842151.9,15802
4,310,'2017-09-07',157454.52,0,555,9532552.59,0,3734
3,310,'2017-09-07',598735.77,0,2110,36248433.66,0,14198
1,310,'2017-09-08',638229.42,415016.45,2267,52747115.94,43156925.91,20228
2,310,'2017-09-08',611799.06,230034.28,2433,29507523.18,16032925.34,14946
4,310,'2017-09-08',124209.03,0,441,10265388.15,0,3937
3,310,'2017-09-08',466825.5,0,1658,38581290.78,0,14796
1,310,'2017-09-09',543672,369400.19,1822,53429918.64,41766010.93,19404
2,310,'2017-09-09',529479.93,215170.01,1541,28940742,15873418.53,14859
4,310,'2017-09-09',102424.74,0,343,10065894.72,0,3656
3,310,'2017-09-09',359325.3,0,1204,35313060.69,0,12825
1,310,'2017-09-10',433034.91,459201.1,1494,47516472.03,36948210.44,17271
2,310,'2017-09-10',356933.52,216411.13,1074,26008884.06,14556980.43,12391
4,310,'2017-09-10',96686.13,0,334,10609266.93,0,3856
3,310,'2017-09-10',285468.81,0,985,31324191.54,0,11386
1,310,'2017-09-11',387240.09,392418.43,1238,43494039.06,31784068.32,17380
2,310,'2017-09-11',273111.06,148569.2,970,25004363.52,14642868.53,12545
4,310,'2017-09-11',81117.51,0,259,9110960.4,0,3641
3,310,'2017-09-11',295198.23,0,944,33156086.46,0,13249
1,310,'2017-09-12',364056,290163.03,1196,45029655.75,32756408.39,17727
2,310,'2017-09-12',291039.21,233542.06,971,25815326.7,15515019.72,13824
4,310,'2017-09-12',81286.98,0,267,10054291.77,0,3958
3,310,'2017-09-12',226278.33,0,743,27988098.6,0,11018
1,310,'2017-09-13',354746.85,261371.97,1202,48179879.85,34747951.01,18548
2,310,'2017-09-13',252377.79,126386.4,934,26722239.18,14918987.4,14554
4,310,'2017-09-13',76474.8,0,259,10386406.38,0,3998
3,310,'2017-09-13',254405.97,0,862,34552088.67,0,13302
1,310,'2017-09-14',301206.33,237816.23,1129,47872151.49,35330189.91,18566
2,310,'2017-09-14',269076.03,489406.33,982,26898339.3,16119178.54,15737
4,310,'2017-09-14',53812.47,0,202,8552680.98,0,3317
3,310,'2017-09-14',241683.66,0,906,38411971.86,0,14897
1,310,'2017-09-15',359145.06,283777.91,1155,49720046.76,36543743.8,18866
2,310,'2017-09-15',335873.94,163065.87,1120,28273298.79,16267144.77,15216
4,310,'2017-09-15',75605.88,0,243,10466879.46,0,3972
3,310,'2017-09-15',237633.84,0,764,32898037.65,0,12483
1,310,'2017-09-16',303167.94,183668.4,1050,50182221.24,36667058.66,17763
2,310,'2017-09-16',327224.28,163169.53,1103,30585297.27,17117467.67,16015
4,310,'2017-09-16',48603.18,0,168,8045095.98,0,2848
3,310,'2017-09-16',276371.31,0,957,45746666.73,0,16193
1,310,'2017-09-17',299067,404285.81,932,44502159.18,32960734.77,16223
2,310,'2017-09-17',274881.39,114454.39,866,28740360.21,13751292.26,14019
4,310,'2017-09-17',65165.88,0,203,9696896.67,0,3535
3,310,'2017-09-17',202206.81,0,630,30089042.1,0,10969
1,310,'2017-09-18',235625.76,158221.51,907,42600555.06,30124698.08,17044
2,310,'2017-09-18',242855.85,345212.66,778,26108613.15,15231132.62,13780
4,310,'2017-09-18',46150.17,0,178,8343827.16,0,3338
3,310,'2017-09-18',171381.3,0,660,30985283.43,0,12397
1,310,'2017-09-19',257127.03,173790.92,940,45853913.88,32962260.36,17885
2,310,'2017-09-19',280098.03,280375.94,960,27957302.7,15818451.74,16201
4,310,'2017-09-19',50213.82,0,184,8954722.23,0,3493
3,310,'2017-09-19',183175.74,0,670,32666056.47,0,12741
1,313,'2017-10-04',698427.24,524563.98,2329,53899587.27,40701254.79,20352
2,313,'2017-10-04',636056.91,271820.99,2838,27346464.03,13809516.94,14859
4,313,'2017-10-04',152174.16,0,507,11743709.76,0,4434
3,313,'2017-10-04',600742.86,0,2003,46361024.49,0,17506
1,313,'2017-10-05',1483724.7,1314937.89,4209,55093221.18,42482627.63,21012
2,313,'2017-10-05',1218558.18,886212.05,5666,29048262.06,14514507.05,17509
4,313,'2017-10-05',310569.15,0,881,11531957.76,0,4398
3,313,'2017-10-05',1083049.89,0,3072,40215475.89,0,15338
1,313,'2017-10-06',1338000.03,978164.14,3589,57952169.97,57167325.92,21373
2,313,'2017-10-06',1163450.76,781447.4,4658,30481191.3,16511204.89,16788
4,313,'2017-10-06',195379.2,0,524,8462367.6,0,3121
3,313,'2017-10-06',880305.78,0,2361,38128273.77,0,14062
1,313,'2017-10-07',1190664.3,838693.59,2994,57328137.48,49613970.93,20233
2,313,'2017-10-07',905753.91,1037749.81,2535,29964143.97,18106309.46,16582
4,313,'2017-10-07',234498.15,0,590,11290625.91,0,3985
3,313,'2017-10-07',751280.7,0,1889,36172692.42,0,12767
1,313,'2017-10-08',848601.18,497251.61,2413,51036767.94,42521968.29,18353
2,313,'2017-10-08',651212.4,372926.06,1835,26219891.64,14360723.76,14092
4,313,'2017-10-08',192481.98,0,547,11576298.87,0,4163
3,313,'2017-10-08',708791.64,0,2015,42628319.01,0,15329
1,313,'2017-10-09',834014.43,645464.41,2357,50941557.21,38918565.98,19425
2,313,'2017-10-09',585675.27,489851.9,1715,26436756.42,16613636.85,14449
4,313,'2017-10-09',173354.76,0,490,10588491.45,0,4038
3,313,'2017-10-09',626602.11,0,1771,38272797.33,0,14594
1,313,'2017-10-10',793733.85,775342.08,2186,50590037.58,37559340.62,19851
2,313,'2017-10-10',505949.82,611388.65,1644,26664701.94,19591091.49,14565
4,313,'2017-10-10',196338.27,0,541,12513966.96,0,4910
3,313,'2017-10-10',514643.85,0,1417,32801734.02,0,12871
1,313,'2017-10-11',778628.85,690498.84,2247,53852112,40278128.79,20519
2,313,'2017-10-11',518406.15,241365.9,1622,27293004.18,16958568.63,14661
4,313,'2017-10-11',163214.97,0,471,11288393.91,0,4301
3,313,'2017-10-11',500121.66,0,1443,34589783.16,0,13180
1,313,'2017-10-12',746337.3,502671.44,2089,52879563.06,41308771.71,20303
2,313,'2017-10-12',528012.42,195227.05,1663,27783854.94,14622615.76,15342
4,313,'2017-10-12',159566.97,0,447,11305659.69,0,4341
3,313,'2017-10-12',648663.06,0,1816,45959156.79,0,17646
1,313,'2017-10-13',1087604.85,677456.27,2833,56663187,41947614.34,20731
2,313,'2017-10-13',896958.39,573390.04,2521,28944911.97,16390152.53,15048
4,313,'2017-10-13',232901.82,0,607,12133963.38,0,4439
3,313,'2017-10-13',783633.09,0,2041,40826539.29,0,14937
1,313,'2017-10-14',1067178.15,621953.88,2914,56750720.67,40671730.89,19737
2,313,'2017-10-14',709125.27,506973.82,1979,29446478.67,16148729.19,15470
4,313,'2017-10-14',218195.88,0,596,11603287.41,0,4035
3,313,'2017-10-14',864254.25,0,2360,45959579.01,0,15984
1,313,'2017-10-15',792650.67,441175.06,2263,50616702.69,38142195.43,18102
2,313,'2017-10-15',761480.82,522952.86,2047,26756741.94,19127361.71,13423
4,313,'2017-10-15',162433.68,0,464,10372606.02,0,3710
3,313,'2017-10-15',544410,0,1554,34764655.38,0,12433
1,313,'2017-10-16',719343.24,428404.76,2060,48659133.45,36771881.56,18299
2,313,'2017-10-16',539043.03,382675.44,1720,26375655.09,15045619.64,13810
4,313,'2017-10-16',144463.62,0,414,9772076.73,0,3675
3,313,'2017-10-16',579622.17,0,1660,39207877.32,0,14745
1,313,'2017-10-17',760676.79,684685.42,2111,50953722.27,35712275.36,19219
2,313,'2017-10-17',572781,542929.65,1700,26974583.79,15279701.81,16381
4,313,'2017-10-17',135971.85,0,377,9108034.44,0,3435
3,313,'2017-10-17',640853.82,0,1778,42927402.9,0,16192
1,311,'2017-11-01',1685202.06,775016.6,3831,61874826.39,47081894.74,22178
2,311,'2017-11-01',1592982.39,540807.44,5343,30437355.03,17298872.39,17287
4,311,'2017-11-01',324815.49,0,738,11926108.74,0,4275
3,311,'2017-11-01',1066508.07,0,2425,39158510.97,0,14036
1,311,'2017-11-02',3278061.48,1647280.74,6446,60097632.21,41337698.57,22190
2,311,'2017-11-02',2861427.3,1159830.35,7227,31149350.55,15840051.21,17571
4,311,'2017-11-02',621593.31,0,1222,11395848.57,0,4208
3,311,'2017-11-02',2472703.62,0,4862,45332784.45,0,16738
1,311,'2017-11-03',2530784.97,1255617.55,4845,61194180.18,47085358.01,22134
2,311,'2017-11-03',2247003.3,811273.3,4978,32803841.43,15622726.88,16782
4,311,'2017-11-03',577352.22,0,1105,13960330.56,0,5049
3,311,'2017-11-03',1930828.56,0,3696,46687281.09,0,16887
1,311,'2017-11-04',1867881.21,1009305.2,3566,62871600.12,48330210.44,21246
2,311,'2017-11-04',1697717.7,666779.82,3183,32383046.7,15347534.59,16609
4,311,'2017-11-04',392015.28,0,748,13194966.78,0,4459
3,311,'2017-11-04',1243262.37,0,2374,41847362.7,0,14141
1,311,'2017-11-05',1364079.06,652745.7,2597,55398111.06,44170963.67,18922
2,311,'2017-11-05',1296437.82,546292.11,2590,30811898.94,13853568.14,23065
4,311,'2017-11-05',237835.44,0,453,9658996.89,0,3299
3,311,'2017-11-05',1068061.56,0,2033,43376221.35,0,14816
1,311,'2017-11-06',1169880.18,744357.06,2321,52080569.88,37536407.69,19395
2,311,'2017-11-06',1203093.57,434071.75,2422,27408854.25,12295212.2,14497
4,311,'2017-11-06',230847.84,0,458,10276855.02,0,3827
3,311,'2017-11-06',937005.48,0,1859,41713492.08,0,15534
1,311,'2017-11-07',1166561.91,723305.93,2390,54605274.24,44378273.08,20386
2,311,'2017-11-07',1289450.94,450664.67,2955,29026812.06,13202880.65,15435
4,311,'2017-11-07',278344.71,0,570,13028959.98,0,4864
3,311,'2017-11-07',759858.78,0,1557,35568016.35,0,13279
1,311,'2017-11-08',1209723.18,709339.23,2403,57063392.67,41620767.15,21271
2,311,'2017-11-08',1214355.33,523011.18,2599,29229699.36,14786663.47,15262
4,311,'2017-11-08',227841.39,0,453,10747420.92,0,4006
3,311,'2017-11-08',804224.52,0,1598,37935774.63,0,14141
1,311,'2017-11-09',1111167.24,632314.25,2265,53580924.15,40131346.45,20591
2,311,'2017-11-09',1065261.21,413250.81,2162,28508604.21,16913160.91,15030
4,311,'2017-11-09',218863.77,0,446,10553700.36,0,4056
3,311,'2017-11-09',772186.11,0,1574,37235127.3,0,14309
1,311,'2017-11-10',1106898.36,569958.75,2369,57387588.33,44052118.74,21196
2,311,'2017-11-10',1297976.67,593151.73,2727,30794424.24,16401167.28,15245
4,311,'2017-11-10',166650,0,357,8640038.01,0,3191
3,311,'2017-11-10',703632.15,0,1506,36480102.15,0,13474
1,311,'2017-11-11',1041966.03,529011.97,2186,59230811.25,45793268.15,20484
2,311,'2017-11-11',1368449.76,529274.04,3542,32320412.49,16910238.5,17001
4,311,'2017-11-11',226465.74,0,475,12873500.4,0,4452
3,311,'2017-11-11',657916.98,0,1380,37399452.39,0,12934
1,311,'2017-11-12',876590.88,469845.8,1881,52134321,39577197.32,18683
2,311,'2017-11-12',1277858.94,317552.65,3150,30234795.24,13800158.01,23669
4,311,'2017-11-12',174505.83,0,374,10378549.77,0,3719
3,311,'2017-11-12',576236.4,0,1236,34271049.3,0,12281
1,311,'2017-11-13',788819.79,452497.72,1735,50094525.9,38250684.25,18988
2,311,'2017-11-13',1067451.09,341488.31,2474,28048185.18,12154847.13,15071
4,311,'2017-11-13',196515.42,0,432,12479839.14,0,4730
3,311,'2017-11-13',483246,0,1063,30688851,0,11632
1,311,'2017-11-14',846143.7,409416.29,1780,50408931.12,37075646.02,19332
2,311,'2017-11-14',1269848.82,308922.18,3538,28376634.03,13681125.62,16779
4,311,'2017-11-14',144339.66,0,304,8599018.26,0,3298
3,311,'2017-11-14',608097.75,0,1279,36227352.87,0,13893
1,314,'2017-12-06',1014882.3,773598.7,3274,60725481.3,47503601.91,22838
2,314,'2017-12-06',890544.51,297463.01,5218,28375206.03,11690334.53,17756
4,314,'2017-12-06',233418.39,0,753,13966592.82,0,5253
3,314,'2017-12-06',667084.65,0,2152,39915021.39,0,15011
1,314,'2017-12-07',1779053.88,1078341.45,5110,58053657.06,44348936.84,22432
2,314,'2017-12-07',1860920.4,718051.39,7521,30686661.18,16689014.32,17473
4,314,'2017-12-07',361878.6,0,1039,11808734.79,0,4563
3,314,'2017-12-07',1137310.29,0,3267,37112432.07,0,14340
1,314,'2017-12-08',1331831.64,938384.14,3761,60639075.54,54588396.84,22731
2,314,'2017-12-08',1424543.88,448987.69,5342,32520158.49,15099880.15,16822
4,314,'2017-12-08',233266.32,0,659,10620750,0,3981
3,314,'2017-12-08',886958.01,0,2505,40383707.19,0,15138
1,314,'2017-12-09',1154636.97,697191.75,3097,61478442.03,53746969.59,21434
2,314,'2017-12-09',1215668.82,349152.26,4225,32668694.76,16931521.81,16042
4,314,'2017-12-09',219746.22,0,589,11700349.08,0,4079
3,314,'2017-12-09',946582.02,0,2539,50400591.87,0,17572
1,314,'2017-12-10',884246.97,680088.02,2389,55255727.91,41918743.72,19430
2,314,'2017-12-10',858456.48,323964.88,3172,29688027.36,15836613.03,14361
4,314,'2017-12-10',165255.66,0,446,10326664.98,0,3631
3,314,'2017-12-10',622400.43,0,1682,38893193.01,0,13676
1,314,'2017-12-11',796572.51,459944.56,2268,51603707.79,38914379.14,19919
2,314,'2017-12-11',713864.85,384764.96,1949,27697767.45,15083353.72,13684
4,314,'2017-12-11',140959.59,0,401,9131677.08,0,3525
3,314,'2017-12-11',530453.43,0,1510,34363953.84,0,13264
1,314,'2017-12-12',763653.21,413418.04,2235,55493754.24,39651042.58,21223
2,314,'2017-12-12',952718.79,476445.44,3268,29510315.91,14149282.85,16370
4,314,'2017-12-12',164678.82,0,482,11967013.2,0,4577
3,314,'2017-12-12',451308.06,0,1321,32796019.62,0,12542
1,314,'2017-12-13',853223.97,757163.57,2355,60082904.73,47017535.49,22689
2,314,'2017-12-13',802322.61,386743.07,2161,29832959.94,14474610.74,15968
4,314,'2017-12-13',169537.71,0,468,11938620.24,0,4508
3,314,'2017-12-13',549117.57,0,1516,38668132.56,0,14602
1,314,'2017-12-14',767682.09,1124672.5,2234,60432224.85,47686203.33,23034
2,314,'2017-12-14',944291.76,652570.81,2606,30719507.88,13918537.63,16318
4,314,'2017-12-14',154569,0,450,12167732.22,0,4638
3,314,'2017-12-14',590930.07,0,1720,46518244.59,0,17731
1,314,'2017-12-15',816159.33,534976.59,2112,60731340.12,55576800.9,22868
2,314,'2017-12-15',797708.67,351354.22,2147,30150152.97,14320172.12,15095
4,314,'2017-12-15',143788.2,0,372,10699446.81,0,4029
3,314,'2017-12-15',564166.74,0,1460,41980302.75,0,15807
1,314,'2017-12-16',697568.85,383859.99,1992,62766377.97,49067384.87,21997
2,314,'2017-12-16',885345.09,300126.92,2643,33282969.3,15473717.21,17075
4,314,'2017-12-16',128904.21,0,368,11598637.35,0,4065
3,314,'2017-12-16',473579.4,0,1352,42612075.93,0,14934
1,314,'2017-12-17',621320.61,495417.02,1702,57080705.19,43035735.82,19945
2,314,'2017-12-17',658686.09,404544.87,1699,30283415.97,13897636.11,14505
4,314,'2017-12-17',121482,0,333,11160540.96,0,3900
3,314,'2017-12-17',342044.43,0,937,31423592.55,0,10980
1,314,'2017-12-18',653301.06,443350.14,1681,55473918.36,42866065.5,20822
2,314,'2017-12-18',678305.88,315119.03,1740,27875730.36,15542315.62,14282
4,314,'2017-12-18',127657.89,0,328,10839847.2,0,4069
3,314,'2017-12-18',417869.88,0,1075,35482694.73,0,13318
1,314,'2017-12-19',660407.79,403240.63,1831,56671689.06,45263265.95,21705
2,314,'2017-12-19',774555,393397.58,1991,29835768.15,14638228.24,15973
4,314,'2017-12-19',158018.82,0,438,13560091.62,0,5193
3,314,'2017-12-19',502484.79,0,1393,43119801,0,16515
